{
  "images" : [
    {
      "idiom" : "iphone",
      "scale" : "1x"
    },
    {
      "idiom" : "iphone",
      "scale" : "2x",
      "filename" : "arrow-6.png"
    },
    {
      "idiom" : "iphone",
      "filename" : "arrow-5.png",
      "subtype" : "retina4",
      "scale" : "2x"
    },
    {
      "idiom" : "iphone",
      "scale" : "3x",
      "filename" : "Arrow-6s.png"
    },
    {
      "idiom" : "ipad",
      "scale" : "1x"
    },
    {
      "idiom" : "ipad",
      "scale" : "2x"
    }
  ],
  "info" : {
    "version" : 1,
    "author" : "xcode"
  }
}